<?xml version="1.0" encoding="UTF-8"?>
<configuration>
	<feature>
		<featureName>feature1</featureName>
		<featureClassName>FeatureClass1 </featureClassName>
		<featureFactoryClassName></featureFactoryClassName>
		<featureFactoryMethodName></featureFactoryMethodName>
		<featureClassPath>/home/path/FeatureClass1</featureClassPath>
		<featurePackageName>org.path.project</featurePackageName>
		<featureFactoryPackage></featureFactoryPackage>
		<featureFactoryClassPath></featureFactoryClassPath>
	</feature>
	<feature>
		<featureName>feature2</featureName>
		<featureClassName>FeatureClass2</featureClassName>
		<featureFactoryClassName>/home/path/FeatureClass2</featureFactoryClassName>
		<featureFactoryMethodName></featureFactoryMethodName>
		<featureClassPath></featureClassPath>
		<featurePackageName>org.path.project</featurePackageName>
		<featureFactoryPackage></featureFactoryPackage>
		<featureFactoryClassPath></featureFactoryClassPath>
	</feature>
</configuration>
