<?xml version="1.0" encoding="UTF-8"?>
<configuration>
	<metric>
		<name>metric1</name>
		<className>MetricClass1</className>
		<methodName></methodName>
		<fullPath>/home/path/MetricClass1</fullPath>
		<packageName>org.project.metric</packageName>
	</metric>
	<metric>
		<name>metric2</name>
		<className>MetricClass2</className>
		<methodName></methodName>
		<fullPath>/home/path/MetricClass2</fullPath>
		<packageName>org.project.metric</packageName>
	</metric>
	<metric>
		<name>metric3</name>
		<className>MetricClass3</className>
		<methodName></methodName>
		<fullPath>/home/path/MetricClass3</fullPath>
		<packageName>org.project.metric</packageName>
	</metric>
</configuration>
