<?xml version="1.0" encoding="UTF-8"?>
<configuration>
	<metric>
		<name>performance</name>
		<className></className>
		<methodName></methodName>
		<fullPath>http://10.0.0.1:80/znn/metrics/calculateresponsetime.php</fullPath>
		<packageName></packageName>
	</metric>
	<metric>
		<name>contentfidelity</name>
		<className></className>
		<methodName></methodName>
		<fullPath>http://10.0.0.2:80/znn/metrics/calculatefidelity.php</fullPath>
		<packageName></packageName>
	</metric>
	<metric>
		<name>cost</name>
		<className></className>
		<methodName></methodName>
		<fullPath>http://10.0.0.3:80/znn/metrics/calculatecost.php</fullPath>
		<packageName></packageName>
	</metric>
	<metric>
		<name>numberOfUsers</name>
		<className></className>
		<methodName></methodName>
		<fullPath>http://10.0.0.4:80/znn/metrics/calculatenumberofusers.php</fullPath>
		<packageName></packageName>
	</metric>
</configuration>
